{"train_acc": 79.56744036112279, "test_acc": 85.68, "train_loss": 0.5925940807213259, "test_loss": 0.4191167341709137, "lr": 0.0001, "_step": 87, "_runtime": 1637, "_timestamp": 1624198830}