{"train_acc": 75.07296691665972, "test_acc": 82.08, "train_loss": 0.7229509371930681, "test_loss": 0.5236658215045928, "lr": 0.0006000000000000001, "_step": 48, "_runtime": 685, "_timestamp": 1624195745}