{"train_acc": 77.76670650250082, "test_acc": 84.68, "train_loss": 0.6388571891943207, "test_loss": 0.44716530385017395, "lr": 0.0001, "_step": 67, "_runtime": 1314, "_timestamp": 1624197166}