{"train_acc": 84.2585509027375, "test_acc": 87.78, "train_loss": 0.4547793778312176, "test_loss": 0.37445652680397035, "lr": 0.0001, "_step": 120, "_runtime": 2385, "_timestamp": 1624205983}