{"train_acc": 84.60378588218215, "test_acc": 88.12, "train_loss": 0.4389277972528697, "test_loss": 0.3595168109893799, "lr": 0.0001, "_step": 120, "_runtime": 1867, "_timestamp": 1624208923}