{"train_acc": 84.72949599773318, "test_acc": 87.48, "train_loss": 0.4458784398520389, "test_loss": 0.3677783018112183, "lr": 0.0001, "_step": 120, "_runtime": 2259, "_timestamp": 1624201155}